Name,Image,Price
10 GAME MEGAPACK!,https://store.playstation.com/store/api/chihiro/00_09_000/container/GB/en/999/EP4037-NPEJ00328_00-B000000000001108/1550738376000/image?w=124&h=124&bg_color=000000&opacity=100&_version=00_09_000,£4.99
10 Pin: Champions Alley,https://store.playstation.com/store/api/chihiro/00_09_000/container/GB/en/999/EP4037-NPEJ00328_00-B000000000001108/1550738376000/image?w=124&h=124&bg_color=000000&opacity=100&_version=00_09_000,£2.99
1945 I & II - The Arcade Games,https://store.playstation.com/store/api/chihiro/00_09_000/container/GB/en/999/EP4037-NPEJ00328_00-B000000000001108/1550738376000/image?w=124&h=124&bg_color=000000&opacity=100&_version=00_09_000,£1.99
Alter Echo,https://store.playstation.com/store/api/chihiro/00_09_000/container/GB/en/999/EP4037-NPEJ00328_00-B000000000001108/1550738376000/image?w=124&h=124&bg_color=000000&opacity=100&_version=00_09_000,£3.99
Arcade Classics,https://store.playstation.com/store/api/chihiro/00_09_000/container/GB/en/999/EP4037-NPEJ00328_00-B000000000001108/1550738376000/image?w=124&h=124&bg_color=000000&opacity=100&_version=00_09_000,£3.99
A Train 6,https://store.playstation.com/store/api/chihiro/00_09_000/container/GB/en/999/EP4037-NPEJ00328_00-B000000000001108/1550738376000/image?w=124&h=124&bg_color=000000&opacity=100&_version=00_09_000,£7.99
BCV: Battle Construction Vehicles,https://store.playstation.com/store/api/chihiro/00_09_000/container/GB/en/999/EP4037-NPEJ00328_00-B000000000001108/1550738376000/image?w=124&h=124&bg_color=000000&opacity=100&_version=00_09_000,£3.99
Black Market Bowling,https://store.playstation.com/store/api/chihiro/00_09_000/container/GB/en/999/EP4037-NPEJ00328_00-B000000000001108/1550738376000/image?w=124&h=124&bg_color=000000&opacity=100&_version=00_09_000,£3.99
Bust-A-Bloc,https://store.playstation.com/store/api/chihiro/00_09_000/container/GB/en/999/EP4037-NPEJ00328_00-B000000000001108/1550738376000/image?w=124&h=124&bg_color=000000&opacity=100&_version=00_09_000,£3.99
Canis Canem Edit,https://store.playstation.com/store/api/chihiro/00_09_000/container/GB/en/999/EP4037-NPEJ00328_00-B000000000001108/1550738376000/image?w=124&h=124&bg_color=000000&opacity=100&_version=00_09_000,£7.99
Capcom vs SNK 2,https://store.playstation.com/store/api/chihiro/00_09_000/container/GB/en/999/EP4037-NPEJ00328_00-B000000000001108/1550738376000/image?w=124&h=124&bg_color=000000&opacity=100&_version=00_09_000,£7.99
Castle Shikigami II,https://store.playstation.com/store/api/chihiro/00_09_000/container/GB/en/999/EP4037-NPEJ00328_00-B000000000001108/1550738376000/image?w=124&h=124&bg_color=000000&opacity=100&_version=00_09_000,£3.99
Cel Damage Overdrive,https://store.playstation.com/store/api/chihiro/00_09_000/container/GB/en/999/EP4037-NPEJ00328_00-B000000000001108/1550738376000/image?w=124&h=124&bg_color=000000&opacity=100&_version=00_09_000,£1.99
Chess Challenger,https://store.playstation.com/store/api/chihiro/00_09_000/container/GB/en/999/EP4037-NPEJ00328_00-B000000000001108/1550738376000/image?w=124&h=124&bg_color=000000&opacity=100&_version=00_09_000,£3.99
Chicken Little,https://store.playstation.com/store/api/chihiro/00_09_000/container/GB/en/999/EP4037-NPEJ00328_00-B000000000001108/1550738376000/image?w=124&h=124&bg_color=000000&opacity=100&_version=00_09_000,£3.99
Conflict: Desert Storm II™,https://store.playstation.com/store/api/chihiro/00_09_000/container/GB/en/999/EP4037-NPEJ00328_00-B000000000001108/1550738376000/image?w=124&h=124&bg_color=000000&opacity=100&_version=00_09_000,£5.79
Conflict: Vietnam™,https://store.playstation.com/store/api/chihiro/00_09_000/container/GB/en/999/EP4037-NPEJ00328_00-B000000000001108/1550738376000/image?w=124&h=124&bg_color=000000&opacity=100&_version=00_09_000,£5.79
Crazy Golf World Tour,https://store.playstation.com/store/api/chihiro/00_09_000/container/GB/en/999/EP4037-NPEJ00328_00-B000000000001108/1550738376000/image?w=124&h=124&bg_color=000000&opacity=100&_version=00_09_000,£2.99
Cue Academy: Snooker/Pool/Billiards,https://store.playstation.com/store/api/chihiro/00_09_000/container/GB/en/999/EP4037-NPEJ00328_00-B000000000001108/1550738376000/image?w=124&h=124&bg_color=000000&opacity=100&_version=00_09_000,£3.99
Deadly Strike,https://store.playstation.com/store/api/chihiro/00_09_000/container/GB/en/999/EP4037-NPEJ00328_00-B000000000001108/1550738376000/image?w=124&h=124&bg_color=000000&opacity=100&_version=00_09_000,£2.99
Deus Ex™,https://store.playstation.com/store/api/chihiro/00_09_000/container/GB/en/999/EP4037-NPEJ00328_00-B000000000001108/1550738376000/image?w=124&h=124&bg_color=000000&opacity=100&_version=00_09_000,£7.99
Dirt Track Devils,https://store.playstation.com/store/api/chihiro/00_09_000/container/GB/en/999/EP4037-NPEJ00328_00-B000000000001108/1550738376000/image?w=124&h=124&bg_color=000000&opacity=100&_version=00_09_000,£1.99
Disney Bolt,https://store.playstation.com/store/api/chihiro/00_09_000/container/GB/en/999/EP4037-NPEJ00328_00-B000000000001108/1550738376000/image?w=124&h=124&bg_color=000000&opacity=100&_version=00_09_000,£3.99
Disney G-Force,https://store.playstation.com/store/api/chihiro/00_09_000/container/GB/en/999/EP4037-NPEJ00328_00-B000000000001108/1550738376000/image?w=124&h=124&bg_color=000000&opacity=100&_version=00_09_000,£3.99
Disney • Pixar Cars,https://store.playstation.com/store/api/chihiro/00_09_000/container/GB/en/999/EP4037-NPEJ00328_00-B000000000001108/1550738376000/image?w=124&h=124&bg_color=000000&opacity=100&_version=00_09_000,£3.99
Disney•Pixar Cars Mater-National,https://store.playstation.com/store/api/chihiro/00_09_000/container/GB/en/999/EP4037-NPEJ00328_00-B000000000001108/1550738376000/image?w=124&h=124&bg_color=000000&opacity=100&_version=00_09_000,£3.99
Disney•Pixar Finding Nemo,https://store.playstation.com/store/api/chihiro/00_09_000/container/GB/en/999/EP4037-NPEJ00328_00-B000000000001108/1550738376000/image?w=124&h=124&bg_color=000000&opacity=100&_version=00_09_000,£3.99
Disney/Pixar The Incredibles,https://store.playstation.com/store/api/chihiro/00_09_000/container/GB/en/999/EP4037-NPEJ00328_00-B000000000001108/1550738376000/image?w=124&h=124&bg_color=000000&opacity=100&_version=00_09_000,£3.99
Disney/Pixar Toy Story 3,https://store.playstation.com/store/api/chihiro/00_09_000/container/GB/en/999/EP4037-NPEJ00328_00-B000000000001108/1550738376000/image?w=124&h=124&bg_color=000000&opacity=100&_version=00_09_000,£3.99
Disney Princess Enchanted Journey,https://store.playstation.com/store/api/chihiro/00_09_000/container/GB/en/999/EP4037-NPEJ00328_00-B000000000001108/1550738376000/image?w=124&h=124&bg_color=000000&opacity=100&_version=00_09_000,£3.99
Disney´s Donald Duck PK,https://store.playstation.com/store/api/chihiro/00_09_000/container/GB/en/999/EP1006-NPED00087_00-GDONALDPKX000001/1594940377000/image?w=124&h=124&bg_color=000000&opacity=100&_version=00_09_000,£3.99
Disney’s Donald Duck PS2™ Double Pack,https://store.playstation.com/store/api/chihiro/00_09_000/container/GB/en/999/EP1006-NPED00087_00-GDONALDPKX000001/1594940377000/image?w=124&h=124&bg_color=000000&opacity=100&_version=00_09_000,£5.79
Disney´s Stitch: Experiment 626,https://store.playstation.com/store/api/chihiro/00_09_000/container/GB/en/999/EP1006-NPED00087_00-GDONALDPKX000001/1594940377000/image?w=124&h=124&bg_color=000000&opacity=100&_version=00_09_000,£3.99
Disney's Treasure Planet,https://store.playstation.com/store/api/chihiro/00_09_000/container/GB/en/999/EP1006-NPED00087_00-GDONALDPKX000001/1594940377000/image?w=124&h=124&bg_color=000000&opacity=100&_version=00_09_000,£3.99
Donald Duck: Goin' Quackers,https://store.playstation.com/store/api/chihiro/00_09_000/container/GB/en/999/EP1006-NPED00087_00-GDONALDPKX000001/1594940377000/image?w=124&h=124&bg_color=000000&opacity=100&_version=00_09_000,£3.99
Dynasty Warriors 4,https://store.playstation.com/store/api/chihiro/00_09_000/container/GB/en/999/EP1006-NPED00087_00-GDONALDPKX000001/1594940377000/image?w=124&h=124&bg_color=000000&opacity=100&_version=00_09_000,£7.99
Dynasty Warriors 4 Empires,https://store.playstation.com/store/api/chihiro/00_09_000/container/GB/en/999/EP1006-NPED00087_00-GDONALDPKX000001/1594940377000/image?w=124&h=124&bg_color=000000&opacity=100&_version=00_09_000,£7.99
Dynasty Warriors® 5,https://store.playstation.com/store/api/chihiro/00_09_000/container/GB/en/999/EP1006-NPED00087_00-GDONALDPKX000001/1594940377000/image?w=124&h=124&bg_color=000000&opacity=100&_version=00_09_000,£7.99
Epyx's Impossible Mission,https://store.playstation.com/store/api/chihiro/00_09_000/container/GB/en/999/EP1006-NPED00087_00-GDONALDPKX000001/1594940377000/image?w=124&h=124&bg_color=000000&opacity=100&_version=00_09_000,£3.99
Eternal Quest,https://store.playstation.com/store/api/chihiro/00_09_000/container/GB/en/999/EP1006-NPED00087_00-GDONALDPKX000001/1594940377000/image?w=124&h=124&bg_color=000000&opacity=100&_version=00_09_000,£2.99
Euro Rally Champion,https://store.playstation.com/store/api/chihiro/00_09_000/container/GB/en/999/EP1006-NPED00087_00-GDONALDPKX000001/1594940377000/image?w=124&h=124&bg_color=000000&opacity=100&_version=00_09_000,£2.99
Football Generation,https://store.playstation.com/store/api/chihiro/00_09_000/container/GB/en/999/EP1006-NPED00087_00-GDONALDPKX000001/1594940377000/image?w=124&h=124&bg_color=000000&opacity=100&_version=00_09_000,£0.99
Formula Challenge,https://store.playstation.com/store/api/chihiro/00_09_000/container/GB/en/999/EP1006-NPED00087_00-GDONALDPKX000001/1594940377000/image?w=124&h=124&bg_color=000000&opacity=100&_version=00_09_000,£2.99
Fruit Machine Mania,https://store.playstation.com/store/api/chihiro/00_09_000/container/GB/en/999/EP1006-NPED00087_00-GDONALDPKX000001/1594940377000/image?w=124&h=124&bg_color=000000&opacity=100&_version=00_09_000,£3.29
G1 Jockey 4,https://store.playstation.com/store/api/chihiro/00_09_000/container/GB/en/999/EP1006-NPED00087_00-GDONALDPKX000001/1594940377000/image?w=124&h=124&bg_color=000000&opacity=100&_version=00_09_000,£7.99
GLADIUS™,https://store.playstation.com/store/api/chihiro/00_09_000/container/GB/en/999/EP1006-NPED00087_00-GDONALDPKX000001/1594940377000/image?w=124&h=124&bg_color=000000&opacity=100&_version=00_09_000,£3.99
God Hand,https://store.playstation.com/store/api/chihiro/00_09_000/container/GB/en/999/EP1006-NPED00087_00-GDONALDPKX000001/1594940377000/image?w=124&h=124&bg_color=000000&opacity=100&_version=00_09_000,£7.99
Go Diego Go Dinosaur Rescue,https://store.playstation.com/store/api/chihiro/00_09_000/container/GB/en/999/EP1006-NPED00087_00-GDONALDPKX000001/1594940377000/image?w=124&h=124&bg_color=000000&opacity=100&_version=00_09_000,£7.99
Go Diego Go Safari Rescue,https://store.playstation.com/store/api/chihiro/00_09_000/container/GB/en/999/EP1006-NPED00087_00-GDONALDPKX000001/1594940377000/image?w=124&h=124&bg_color=000000&opacity=100&_version=00_09_000,£7.99
Golden Age of Racing,https://store.playstation.com/store/api/chihiro/00_09_000/container/GB/en/999/EP1006-NPED00087_00-GDONALDPKX000001/1594940377000/image?w=124&h=124&bg_color=000000&opacity=100&_version=00_09_000,£3.99
Gottlieb Pinball Classics,https://store.playstation.com/store/api/chihiro/00_09_000/container/GB/en/999/EP1006-NPED00087_00-GDONALDPKX000001/1594940377000/image?w=124&h=124&bg_color=000000&opacity=100&_version=00_09_000,£3.99
Gradius V,https://store.playstation.com/store/api/chihiro/00_09_000/container/GB/en/999/EP1006-NPED00087_00-GDONALDPKX000001/1594940377000/image?w=124&h=124&bg_color=000000&opacity=100&_version=00_09_000,£7.99
Grand Theft Auto 3,https://store.playstation.com/store/api/chihiro/00_09_000/container/GB/en/999/EP1006-NPED00087_00-GDONALDPKX000001/1594940377000/image?w=124&h=124&bg_color=000000&opacity=100&_version=00_09_000,£7.99
Grand Theft Auto: The Trilogy,https://store.playstation.com/store/api/chihiro/00_09_000/container/GB/en/999/EP1006-NPED00087_00-GDONALDPKX000001/1594940377000/image?w=124&h=124&bg_color=000000&opacity=100&_version=00_09_000,£24.99
Grand Theft Auto: Vice City,https://store.playstation.com/store/api/chihiro/00_09_000/container/GB/en/999/EP1006-NPED00087_00-GDONALDPKX000001/1594940377000/image?w=124&h=124&bg_color=000000&opacity=100&_version=00_09_000,£7.99
GrooveRider Slot Car Racing,https://store.playstation.com/store/api/chihiro/00_09_000/container/GB/en/999/EP1006-NPED00087_00-GDONALDPKX000001/1594940377000/image?w=124&h=124&bg_color=000000&opacity=100&_version=00_09_000,£1.99
GTA: Liberty City Stories,https://store.playstation.com/store/api/chihiro/00_09_000/container/GB/en/999/EP1006-NPED00087_00-GDONALDPKX000001/1594940377000/image?w=124&h=124&bg_color=000000&opacity=100&_version=00_09_000,£7.99
GT Racers,https://store.playstation.com/store/api/chihiro/00_09_000/container/GB/en/999/EP1006-NPED00087_00-GDONALDPKX000001/1594940377000/image?w=124&h=124&bg_color=000000&opacity=100&_version=00_09_000,£2.99
Gungrave Overdose,https://store.playstation.com/store/api/chihiro/00_09_000/container/GB/en/999/EP1006-NPED00087_00-GDONALDPKX000001/1594940377000/image?w=124&h=124&bg_color=000000&opacity=100&_version=00_09_000,£1.99
Hawk Superbike Racing,https://store.playstation.com/store/api/chihiro/00_09_000/container/GB/en/999/EP1006-NPED00087_00-GDONALDPKX000001/1594940377000/image?w=124&h=124&bg_color=000000&opacity=100&_version=00_09_000,£3.99
Incredibles: Rise Of The Underminer,https://store.playstation.com/store/api/chihiro/00_09_000/container/GB/en/999/EP1006-NPED00096_00-GTHEINCRED000001/1594940399000/image?w=124&h=124&bg_color=000000&opacity=100&_version=00_09_000,£3.99
Intellivision Lives,https://store.playstation.com/store/api/chihiro/00_09_000/container/GB/en/999/EP1006-NPED00096_00-GTHEINCRED000001/1594940399000/image?w=124&h=124&bg_color=000000&opacity=100&_version=00_09_000,£3.99
International Super Karts,https://store.playstation.com/store/api/chihiro/00_09_000/container/GB/en/999/EP1006-NPED00096_00-GTHEINCRED000001/1594940399000/image?w=124&h=124&bg_color=000000&opacity=100&_version=00_09_000,£2.99
International Tennis Pro,https://store.playstation.com/store/api/chihiro/00_09_000/container/GB/en/999/EP1006-NPED00096_00-GTHEINCRED000001/1594940399000/image?w=124&h=124&bg_color=000000&opacity=100&_version=00_09_000,£1.99
Just Cause™,https://store.playstation.com/store/api/chihiro/00_09_000/container/GB/en/999/EP1006-NPED00096_00-GTHEINCRED000001/1594940399000/image?w=124&h=124&bg_color=000000&opacity=100&_version=00_09_000,£7.99
Kessen® III,https://store.playstation.com/store/api/chihiro/00_09_000/container/GB/en/999/EP1006-NPED00096_00-GTHEINCRED000001/1594940399000/image?w=124&h=124&bg_color=000000&opacity=100&_version=00_09_000,£7.99
Kim Possible: What's the Switch,https://store.playstation.com/store/api/chihiro/00_09_000/container/GB/en/999/EP1006-NPED00096_00-GTHEINCRED000001/1594940399000/image?w=124&h=124&bg_color=000000&opacity=100&_version=00_09_000,£3.99
King of Clubs,https://store.playstation.com/store/api/chihiro/00_09_000/container/GB/en/999/EP1006-NPED00096_00-GTHEINCRED000001/1594940399000/image?w=124&h=124&bg_color=000000&opacity=100&_version=00_09_000,£3.29
Lake Masters EX,https://store.playstation.com/store/api/chihiro/00_09_000/container/GB/en/999/EP1006-NPED00096_00-GTHEINCRED000001/1594940399000/image?w=124&h=124&bg_color=000000&opacity=100&_version=00_09_000,£3.99
Leaderboard Golf,https://store.playstation.com/store/api/chihiro/00_09_000/container/GB/en/999/EP1006-NPED00096_00-GTHEINCRED000001/1594940399000/image?w=124&h=124&bg_color=000000&opacity=100&_version=00_09_000,£3.99
Legend of Kay - Full Game,https://store.playstation.com/store/api/chihiro/00_09_000/container/GB/en/999/EP1006-NPED00096_00-GTHEINCRED000001/1594940399000/image?w=124&h=124&bg_color=000000&opacity=100&_version=00_09_000,£3.99
LEGO STAR WARS™ II,https://store.playstation.com/store/api/chihiro/00_09_000/container/GB/en/999/EP1006-NPED00096_00-GTHEINCRED000001/1594940399000/image?w=124&h=124&bg_color=000000&opacity=100&_version=00_09_000,£3.99
Manhunt,https://store.playstation.com/store/api/chihiro/00_09_000/container/GB/en/999/EP1006-NPED00096_00-GTHEINCRED000001/1594940399000/image?w=124&h=124&bg_color=000000&opacity=100&_version=00_09_000,£7.99
Maximo,https://store.playstation.com/store/api/chihiro/00_09_000/container/GB/en/999/EP1006-NPED00096_00-GTHEINCRED000001/1594940399000/image?w=124&h=124&bg_color=000000&opacity=100&_version=00_09_000,£7.99
Maximo vs Army Of Zin,https://store.playstation.com/store/api/chihiro/00_09_000/container/GB/en/999/EP1006-NPED00096_00-GTHEINCRED000001/1594940399000/image?w=124&h=124&bg_color=000000&opacity=100&_version=00_09_000,£7.99
Max Payne,https://store.playstation.com/store/api/chihiro/00_09_000/container/GB/en/999/EP1006-NPED00096_00-GTHEINCRED000001/1594940399000/image?w=124&h=124&bg_color=000000&opacity=100&_version=00_09_000,£7.99
Medal of Honor European Assault,https://store.playstation.com/store/api/chihiro/00_09_000/container/GB/en/999/EP1006-NPED00096_00-GTHEINCRED000001/1594940399000/image?w=124&h=124&bg_color=000000&opacity=100&_version=00_09_000,£11.99
Meet the Robinsons,https://store.playstation.com/store/api/chihiro/00_09_000/container/GB/en/999/EP1006-NPED00096_00-GTHEINCRED000001/1594940399000/image?w=124&h=124&bg_color=000000&opacity=100&_version=00_09_000,£3.99
MERCENARIES PLAYGROUND OF DESTRUCTION,https://store.playstation.com/store/api/chihiro/00_09_000/container/GB/en/999/EP1006-NPED00096_00-GTHEINCRED000001/1594940399000/image?w=124&h=124&bg_color=000000&opacity=100&_version=00_09_000,£3.99
Midnight Club,https://store.playstation.com/store/api/chihiro/00_09_000/container/GB/en/999/EP1006-NPED00096_00-GTHEINCRED000001/1594940399000/image?w=124&h=124&bg_color=000000&opacity=100&_version=00_09_000,£7.99
Monsters Inc: Scare Island,https://store.playstation.com/store/api/chihiro/00_09_000/container/GB/en/999/EP1006-NPED00096_00-GTHEINCRED000001/1594940399000/image?w=124&h=124&bg_color=000000&opacity=100&_version=00_09_000,£3.99
MOTORSIEGE : Warriors of Primetime,https://store.playstation.com/store/api/chihiro/00_09_000/container/GB/en/999/EP1006-NPED00096_00-GTHEINCRED000001/1594940399000/image?w=124&h=124&bg_color=000000&opacity=100&_version=00_09_000,£1.99
Mr. Golf,https://store.playstation.com/store/api/chihiro/00_09_000/container/GB/en/999/EP1006-NPED00096_00-GTHEINCRED000001/1594940399000/image?w=124&h=124&bg_color=000000&opacity=100&_version=00_09_000,£3.99
MX World Tour,https://store.playstation.com/store/api/chihiro/00_09_000/container/GB/en/999/EP1006-NPED00096_00-GTHEINCRED000001/1594940399000/image?w=124&h=124&bg_color=000000&opacity=100&_version=00_09_000,£1.99
Neo Contra™,https://store.playstation.com/store/api/chihiro/00_09_000/container/GB/en/999/EP1006-NPED00096_00-GTHEINCRED000001/1594940399000/image?w=124&h=124&bg_color=000000&opacity=100&_version=00_09_000,£7.99
Noble Racing,https://store.playstation.com/store/api/chihiro/00_09_000/container/GB/en/999/EP1006-NPED00096_00-GTHEINCRED000001/1594940399000/image?w=124&h=124&bg_color=000000&opacity=100&_version=00_09_000,£3.99
Operation Air Assault,https://store.playstation.com/store/api/chihiro/00_09_000/container/GB/en/999/EP1006-NPED00096_00-GTHEINCRED000001/1594940399000/image?w=124&h=124&bg_color=000000&opacity=100&_version=00_09_000,£3.99
Pacific Warriors 2 and WWII: Soldier,https://store.playstation.com/store/api/chihiro/00_09_000/container/GB/en/999/EP1006-NPED00096_00-GTHEINCRED000001/1594940399000/image?w=124&h=124&bg_color=000000&opacity=100&_version=00_09_000,£5.09
Pacific Warriors 2: Dogfight!,https://store.playstation.com/store/api/chihiro/00_09_000/container/GB/en/999/EP1006-NPED00096_00-GTHEINCRED000001/1594940399000/image?w=124&h=124&bg_color=000000&opacity=100&_version=00_09_000,£3.99
PDC World Championship Darts 2008,https://store.playstation.com/store/api/chihiro/00_09_000/container/GB/en/999/EP1006-NPED00096_00-GTHEINCRED000001/1594940399000/image?w=124&h=124&bg_color=000000&opacity=100&_version=00_09_000,£2.99
Perfect Ace 2: The Championships,https://store.playstation.com/store/api/chihiro/00_09_000/container/GB/en/999/EP4003-NPED00204_00-GPERFECTAC000001/1550731662000/image?w=124&h=124&bg_color=000000&opacity=100&_version=00_09_000,£3.29
Peter Pan Double Pack,https://store.playstation.com/store/api/chihiro/00_09_000/container/GB/en/999/EP4003-NPED00204_00-GPERFECTAC000001/1550731662000/image?w=124&h=124&bg_color=000000&opacity=100&_version=00_09_000,£3.29
Peter Pan Return to Neverland.,https://store.playstation.com/store/api/chihiro/00_09_000/container/GB/en/999/EP4003-NPED00204_00-GPERFECTAC000001/1550731662000/image?w=124&h=124&bg_color=000000&opacity=100&_version=00_09_000,£3.99
Pilot Down Behind Enemy Lines,https://store.playstation.com/store/api/chihiro/00_09_000/container/GB/en/999/EP4003-NPED00204_00-GPERFECTAC000001/1550731662000/image?w=124&h=124&bg_color=000000&opacity=100&_version=00_09_000,£2.99
Pinball Hall of Fame : Gottlieb,https://store.playstation.com/store/api/chihiro/00_09_000/container/GB/en/999/EP4003-NPED00204_00-GPERFECTAC000001/1550731662000/image?w=124&h=124&bg_color=000000&opacity=100&_version=00_09_000,£3.99
Pirates of the Caribbean,https://store.playstation.com/store/api/chihiro/00_09_000/container/GB/en/999/EP4003-NPED00204_00-GPERFECTAC000001/1550731662000/image?w=124&h=124&bg_color=000000&opacity=100&_version=00_09_000,£3.99
Play It Pinball,https://store.playstation.com/store/api/chihiro/00_09_000/container/GB/en/999/EP4003-NPED00204_00-GPERFECTAC000001/1550731662000/image?w=124&h=124&bg_color=000000&opacity=100&_version=00_09_000,£3.99
Pool Shark 2,https://store.playstation.com/store/api/chihiro/00_09_000/container/GB/en/999/EP4003-NPED00204_00-GPERFECTAC000001/1550731662000/image?w=124&h=124&bg_color=000000&opacity=100&_version=00_09_000,£1.99
Powershot Pinball,https://store.playstation.com/store/api/chihiro/00_09_000/container/GB/en/999/EP4003-NPED00204_00-GPERFECTAC000001/1550731662000/image?w=124&h=124&bg_color=000000&opacity=100&_version=00_09_000,£3.29
Raceway: Drag & Stock Racing,https://store.playstation.com/store/api/chihiro/00_09_000/container/GB/en/999/EP4003-NPED00204_00-GPERFECTAC000001/1550731662000/image?w=124&h=124&bg_color=000000&opacity=100&_version=00_09_000,£3.99
Red Faction,https://store.playstation.com/store/api/chihiro/00_09_000/container/GB/en/999/EP4003-NPED00204_00-GPERFECTAC000001/1550731662000/image?w=124&h=124&bg_color=000000&opacity=100&_version=00_09_000,£7.99
Red Faction II,https://store.playstation.com/store/api/chihiro/00_09_000/container/GB/en/999/EP4003-NPED00204_00-GPERFECTAC000001/1550731662000/image?w=124&h=124&bg_color=000000&opacity=100&_version=00_09_000,£7.99
Road Trip Adventure,https://store.playstation.com/store/api/chihiro/00_09_000/container/GB/en/999/EP4003-NPED00204_00-GPERFECTAC000001/1550731662000/image?w=124&h=124&bg_color=000000&opacity=100&_version=00_09_000,£1.99
Robot Warlords,https://store.playstation.com/store/api/chihiro/00_09_000/container/GB/en/999/EP4003-NPED00204_00-GPERFECTAC000001/1550731662000/image?w=124&h=124&bg_color=000000&opacity=100&_version=00_09_000,£3.99
Rollercoaster World,https://store.playstation.com/store/api/chihiro/00_09_000/container/GB/en/999/EP4003-NPED00204_00-GPERFECTAC000001/1550731662000/image?w=124&h=124&bg_color=000000&opacity=100&_version=00_09_000,£3.99
Room Zoom - Race for Impact,https://store.playstation.com/store/api/chihiro/00_09_000/container/GB/en/999/EP4003-NPED00204_00-GPERFECTAC000001/1550731662000/image?w=124&h=124&bg_color=000000&opacity=100&_version=00_09_000,£1.99
Ruff Trigger: The Vanocore Conspiracy,https://store.playstation.com/store/api/chihiro/00_09_000/container/GB/en/999/EP4003-NPED00204_00-GPERFECTAC000001/1550731662000/image?w=124&h=124&bg_color=000000&opacity=100&_version=00_09_000,£7.99
Samurai Warriors® 2,https://store.playstation.com/store/api/chihiro/00_09_000/container/GB/en/999/EP4003-NPED00204_00-GPERFECTAC000001/1550731662000/image?w=124&h=124&bg_color=000000&opacity=100&_version=00_09_000,£7.99
Samurai Warriors® 2 Empires,https://store.playstation.com/store/api/chihiro/00_09_000/container/GB/en/999/EP4003-NPED00204_00-GPERFECTAC000001/1550731662000/image?w=124&h=124&bg_color=000000&opacity=100&_version=00_09_000,£7.99
Samurai Warriors® Xtreme Legends,https://store.playstation.com/store/api/chihiro/00_09_000/container/GB/en/999/EP4003-NPED00204_00-GPERFECTAC000001/1550731662000/image?w=124&h=124&bg_color=000000&opacity=100&_version=00_09_000,£7.99
SECRET WEAPONS OVER NORMANDY™,https://store.playstation.com/store/api/chihiro/00_09_000/container/GB/en/999/EP4003-NPED00204_00-GPERFECTAC000001/1550731662000/image?w=124&h=124&bg_color=000000&opacity=100&_version=00_09_000,£3.99
Seek and Destroy,https://store.playstation.com/store/api/chihiro/00_09_000/container/GB/en/999/EP4003-NPED00204_00-GPERFECTAC000001/1550731662000/image?w=124&h=124&bg_color=000000&opacity=100&_version=00_09_000,£3.99
Shellshock™ Nam '67,https://store.playstation.com/store/api/chihiro/00_09_000/container/GB/en/999/EP4003-NPED00204_00-GPERFECTAC000001/1550731662000/image?w=124&h=124&bg_color=000000&opacity=100&_version=00_09_000,£5.79
Shin Megami Tensei: Lucifer's Call,https://store.playstation.com/store/api/chihiro/00_09_000/container/GB/en/999/EP4003-NPED00204_00-GPERFECTAC000001/1550731662000/image?w=124&h=124&bg_color=000000&opacity=100&_version=00_09_000,£6.49
Shin Megami Tensei®: Persona®3 FES,https://store.playstation.com/store/api/chihiro/00_09_000/container/GB/en/999/EP4003-NPED00204_00-GPERFECTAC000001/1550731662000/image?w=124&h=124&bg_color=000000&opacity=100&_version=00_09_000,£7.99
Shinobi,https://store.playstation.com/store/api/chihiro/00_09_000/container/GB/en/999/EP4003-NPED00204_00-GPERFECTAC000001/1550731662000/image?w=124&h=124&bg_color=000000&opacity=100&_version=00_09_000,£7.99
Skyscraper,https://store.playstation.com/store/api/chihiro/00_09_000/container/GB/en/999/EP4003-NPED00204_00-GPERFECTAC000001/1550731662000/image?w=124&h=124&bg_color=000000&opacity=100&_version=00_09_000,£1.99
SMT: Digital Devil Saga,https://store.playstation.com/store/api/chihiro/00_09_000/container/GB/en/999/EP4003-NPED00204_00-GPERFECTAC000001/1550731662000/image?w=124&h=124&bg_color=000000&opacity=100&_version=00_09_000,£6.49
SMT: Digital Devil Saga 2,https://store.playstation.com/store/api/chihiro/00_09_000/container/GB/en/999/EP4003-NPED00204_00-GPERFECTAC000001/1550731662000/image?w=124&h=124&bg_color=000000&opacity=100&_version=00_09_000,£6.49
Snowboard Racer 2,https://store.playstation.com/store/api/chihiro/00_09_000/container/GB/en/999/EP4003-NPED00204_00-GPERFECTAC000001/1550731662000/image?w=124&h=124&bg_color=000000&opacity=100&_version=00_09_000,£3.99
Sonic Heroes,https://store.playstation.com/store/api/chihiro/00_09_000/container/GB/en/999/EP0177-NPED00034_00-GSONICHERO000001/1595578206000/image?w=124&h=124&bg_color=000000&opacity=100&_version=00_09_000,£7.99
STAR WARS™  BOUNTY HUNTER™,https://store.playstation.com/store/api/chihiro/00_09_000/container/GB/en/999/EP0177-NPED00034_00-GSONICHERO000001/1595578206000/image?w=124&h=124&bg_color=000000&opacity=100&_version=00_09_000,£3.99
STAR WARS™: EPISODE III,https://store.playstation.com/store/api/chihiro/00_09_000/container/GB/en/999/EP0177-NPED00034_00-GSONICHERO000001/1595578206000/image?w=124&h=124&bg_color=000000&opacity=100&_version=00_09_000,£3.99
STAR WARS™  JEDI STARFIGHTER™,https://store.playstation.com/store/api/chihiro/00_09_000/container/GB/en/999/EP0177-NPED00034_00-GSONICHERO000001/1595578206000/image?w=124&h=124&bg_color=000000&opacity=100&_version=00_09_000,£3.99
STAR WARS™  : RACER REVENGE™,https://store.playstation.com/store/api/chihiro/00_09_000/container/GB/en/999/EP0177-NPED00034_00-GSONICHERO000001/1595578206000/image?w=124&h=124&bg_color=000000&opacity=100&_version=00_09_000,£3.99
STAR WARS™ STARFIGHTER™,https://store.playstation.com/store/api/chihiro/00_09_000/container/GB/en/999/EP0177-NPED00034_00-GSONICHERO000001/1595578206000/image?w=124&h=124&bg_color=000000&opacity=100&_version=00_09_000,£3.99
Steel Dragon EX,https://store.playstation.com/store/api/chihiro/00_09_000/container/GB/en/999/EP0177-NPED00034_00-GSONICHERO000001/1595578206000/image?w=124&h=124&bg_color=000000&opacity=100&_version=00_09_000,£3.99
Stock Car Crash,https://store.playstation.com/store/api/chihiro/00_09_000/container/GB/en/999/EP0177-NPED00034_00-GSONICHERO000001/1595578206000/image?w=124&h=124&bg_color=000000&opacity=100&_version=00_09_000,£3.99
Strike Force Bowling,https://store.playstation.com/store/api/chihiro/00_09_000/container/GB/en/999/EP0177-NPED00034_00-GSONICHERO000001/1595578206000/image?w=124&h=124&bg_color=000000&opacity=100&_version=00_09_000,£3.99
Stuntman Ignition,https://store.playstation.com/store/api/chihiro/00_09_000/container/GB/en/999/EP0177-NPED00034_00-GSONICHERO000001/1595578206000/image?w=124&h=124&bg_color=000000&opacity=100&_version=00_09_000,£7.99
Suikoden III,https://store.playstation.com/store/api/chihiro/00_09_000/container/GB/en/999/EP0177-NPED00034_00-GSONICHERO000001/1595578206000/image?w=124&h=124&bg_color=000000&opacity=100&_version=00_09_000,£7.99
Suikoden IV,https://store.playstation.com/store/api/chihiro/00_09_000/container/GB/en/999/EP0177-NPED00034_00-GSONICHERO000001/1595578206000/image?w=124&h=124&bg_color=000000&opacity=100&_version=00_09_000,£7.99
Summoner,https://store.playstation.com/store/api/chihiro/00_09_000/container/GB/en/999/EP0177-NPED00034_00-GSONICHERO000001/1595578206000/image?w=124&h=124&bg_color=000000&opacity=100&_version=00_09_000,£3.99
Super Fruitfall,https://store.playstation.com/store/api/chihiro/00_09_000/container/GB/en/999/EP0177-NPED00034_00-GSONICHERO000001/1595578206000/image?w=124&h=124&bg_color=000000&opacity=100&_version=00_09_000,£3.99
Swords of Destiny,https://store.playstation.com/store/api/chihiro/00_09_000/container/GB/en/999/EP0177-NPED00034_00-GSONICHERO000001/1595578206000/image?w=124&h=124&bg_color=000000&opacity=100&_version=00_09_000,£6.49
Tak: The Great Juju Challenge,https://store.playstation.com/store/api/chihiro/00_09_000/container/GB/en/999/EP0177-NPED00034_00-GSONICHERO000001/1595578206000/image?w=124&h=124&bg_color=000000&opacity=100&_version=00_09_000,£7.99
TC's Ghost Recon Advanced Warfighter,https://store.playstation.com/store/api/chihiro/00_09_000/container/GB/en/999/EP0177-NPED00034_00-GSONICHERO000001/1595578206000/image?w=124&h=124&bg_color=000000&opacity=100&_version=00_09_000,£7.99
The Arcade,https://store.playstation.com/store/api/chihiro/00_09_000/container/GB/en/999/EP0177-NPED00034_00-GSONICHERO000001/1595578206000/image?w=124&h=124&bg_color=000000&opacity=100&_version=00_09_000,£3.29
The Seed: Warzone,https://store.playstation.com/store/api/chihiro/00_09_000/container/GB/en/999/EP0177-NPED00034_00-GSONICHERO000001/1595578206000/image?w=124&h=124&bg_color=000000&opacity=100&_version=00_09_000,£3.99
The Sniper 2,https://store.playstation.com/store/api/chihiro/00_09_000/container/GB/en/999/EP0177-NPED00034_00-GSONICHERO000001/1595578206000/image?w=124&h=124&bg_color=000000&opacity=100&_version=00_09_000,£2.99
The Warriors,https://store.playstation.com/store/api/chihiro/00_09_000/container/GB/en/999/EP0177-NPED00034_00-GSONICHERO000001/1595578206000/image?w=124&h=124&bg_color=000000&opacity=100&_version=00_09_000,£7.99
Tom Clancy's Ghost Recon,https://store.playstation.com/store/api/chihiro/00_09_000/container/GB/en/999/EP0177-NPED00034_00-GSONICHERO000001/1595578206000/image?w=124&h=124&bg_color=000000&opacity=100&_version=00_09_000,£7.99
Trigger Man,https://store.playstation.com/store/api/chihiro/00_09_000/container/GB/en/999/EP0177-NPED00034_00-GSONICHERO000001/1595578206000/image?w=124&h=124&bg_color=000000&opacity=100&_version=00_09_000,£3.99
Truck Racing 2,https://store.playstation.com/store/api/chihiro/00_09_000/container/GB/en/999/EP0177-NPED00034_00-GSONICHERO000001/1595578206000/image?w=124&h=124&bg_color=000000&opacity=100&_version=00_09_000,£3.99
Twisted Metal: Black™,https://store.playstation.com/store/api/chihiro/00_09_000/container/GB/en/999/EP0177-NPED00034_00-GSONICHERO000001/1595578206000/image?w=124&h=124&bg_color=000000&opacity=100&_version=00_09_000,£6.49
Ultimate Mind Games,https://store.playstation.com/store/api/chihiro/00_09_000/container/GB/en/999/EP0177-NPED00034_00-GSONICHERO000001/1595578206000/image?w=124&h=124&bg_color=000000&opacity=100&_version=00_09_000,£3.99
Video Poker & Blackjack,https://store.playstation.com/store/api/chihiro/00_09_000/container/GB/en/999/EP0177-NPED00034_00-GSONICHERO000001/1595578206000/image?w=124&h=124&bg_color=000000&opacity=100&_version=00_09_000,£3.99
Virtua Fighter 4: Evolution,https://store.playstation.com/store/api/chihiro/00_09_000/container/GB/en/999/EP0177-NPED00034_00-GSONICHERO000001/1595578206000/image?w=124&h=124&bg_color=000000&opacity=100&_version=00_09_000,£7.99
Warriors Orochi®,https://store.playstation.com/store/api/chihiro/00_09_000/container/GB/en/999/EP0177-NPED00034_00-GSONICHERO000001/1595578206000/image?w=124&h=124&bg_color=000000&opacity=100&_version=00_09_000,£7.99
Warriors Orochi® 2,https://store.playstation.com/store/api/chihiro/00_09_000/container/GB/en/999/EP0177-NPED00034_00-GSONICHERO000001/1595578206000/image?w=124&h=124&bg_color=000000&opacity=100&_version=00_09_000,£7.99
Winnie the Pooh,https://store.playstation.com/store/api/chihiro/00_09_000/container/GB/en/999/EP1006-NPED00139_00-GWINNIETHE000001/1594940320000/image?w=124&h=124&bg_color=000000&opacity=100&_version=00_09_000,£3.99
Winter Sports,https://store.playstation.com/store/api/chihiro/00_09_000/container/GB/en/999/EP1006-NPED00139_00-GWINNIETHE000001/1594940320000/image?w=124&h=124&bg_color=000000&opacity=100&_version=00_09_000,£3.29
World Championship Poker,https://store.playstation.com/store/api/chihiro/00_09_000/container/GB/en/999/EP1006-NPED00139_00-GWINNIETHE000001/1594940320000/image?w=124&h=124&bg_color=000000&opacity=100&_version=00_09_000,£1.99
World Championship Poker 2,https://store.playstation.com/store/api/chihiro/00_09_000/container/GB/en/999/EP1006-NPED00139_00-GWINNIETHE000001/1594940320000/image?w=124&h=124&bg_color=000000&opacity=100&_version=00_09_000,£3.29
World Snooker Championship 2005,https://store.playstation.com/store/api/chihiro/00_09_000/container/GB/en/999/EP1006-NPED00139_00-GWINNIETHE000001/1594940320000/image?w=124&h=124&bg_color=000000&opacity=100&_version=00_09_000,£1.99
WW2: Battle Over The Pacific,https://store.playstation.com/store/api/chihiro/00_09_000/container/GB/en/999/EP1006-NPED00139_00-GWINNIETHE000001/1594940320000/image?w=124&h=124&bg_color=000000&opacity=100&_version=00_09_000,£3.99
WWI: Aces of the Sky,https://store.playstation.com/store/api/chihiro/00_09_000/container/GB/en/999/EP1006-NPED00139_00-GWINNIETHE000001/1594940320000/image?w=124&h=124&bg_color=000000&opacity=100&_version=00_09_000,£3.99
WWII: Soldier,https://store.playstation.com/store/api/chihiro/00_09_000/container/GB/en/999/EP1006-NPED00139_00-GWINNIETHE000001/1594940320000/image?w=124&h=124&bg_color=000000&opacity=100&_version=00_09_000,£2.99
X-treme Express,https://store.playstation.com/store/api/chihiro/00_09_000/container/GB/en/999/EP1006-NPED00139_00-GWINNIETHE000001/1594940320000/image?w=124&h=124&bg_color=000000&opacity=100&_version=00_09_000,£3.99
